type,id_or_code
landing_folder_id,ed3ae609-a2db-4871-ac41-cbe2ddb653e6
code_id,dee254c6-23d8-4593-af9a-45b73cc36500
code_id,676ceca0-23f0-4d33-a362-1af04770b564
code_id,1774b3c3-0ecd-49b6-85f0-8b39dfe67c20
code_id,304d99e7-f4af-4f88-876e-68bcfd0ce5be
code_id,6a8f2155-f760-4403-a79a-87c25d7bd4f3
code_id,994d5789-738e-4aae-b42d-445b1f3f5b4f
code_id,a8583048-db80-4a74-85f1-b6c10ce49287
code_id,1993c25a-a847-407b-8249-d7ca93a89c36
code_id,7d175a34-9837-4ad7-ad52-ed251bc5a72c
code_id,bce07aed-e428-4165-ae3d-e1a64622a686
code_id,8f418de1-661b-4e1b-8d90-2861d9c2bf03
code_id,f8fdcb92-046d-4719-bb87-0329911e8ab0
code_id,2d74ecd7-36f8-4cba-a8b0-092a7162abaf
code_id,5642ca63-f580-406e-a2ba-602c66e87d02
code_id,c4dcfad3-a528-4974-9819-3acb4f0c84d4
code_id,be87fd12-6954-4ac4-9093-4a4dde7028f6
code_id,d00b8a51-5506-4221-b25c-07370482627d
code_id,1d0d1ffb-12e1-4071-8d83-e5a14e2f285e
code_id,942b2ea4-bcd9-4afa-a34f-98a33323a3f6
map_code_id,dee254c6-23d8-4593-af9a-45b73cc36500
map_code_id,676ceca0-23f0-4d33-a362-1af04770b564
map_code_id,1774b3c3-0ecd-49b6-85f0-8b39dfe67c20
map_code_id,304d99e7-f4af-4f88-876e-68bcfd0ce5be
map_code_id,6a8f2155-f760-4403-a79a-87c25d7bd4f3
map_code_id,994d5789-738e-4aae-b42d-445b1f3f5b4f
map_code_id,a8583048-db80-4a74-85f1-b6c10ce49287
map_code_id,1993c25a-a847-407b-8249-d7ca93a89c36
map_code_id,7d175a34-9837-4ad7-ad52-ed251bc5a72c
map_code_id,bce07aed-e428-4165-ae3d-e1a64622a686
map_code_id,8f418de1-661b-4e1b-8d90-2861d9c2bf03
map_code_id,f8fdcb92-046d-4719-bb87-0329911e8ab0
map_code_id,2d74ecd7-36f8-4cba-a8b0-092a7162abaf
map_code_id,5642ca63-f580-406e-a2ba-602c66e87d02
map_code_id,c4dcfad3-a528-4974-9819-3acb4f0c84d4
map_code_id,be87fd12-6954-4ac4-9093-4a4dde7028f6
map_code_id,d00b8a51-5506-4221-b25c-07370482627d
map_code_id,1d0d1ffb-12e1-4071-8d83-e5a14e2f285e
map_code_id,942b2ea4-bcd9-4afa-a34f-98a33323a3f6
